1,Jetpulse,,,2022-11-11 04:43:52,2012-10-12 13:18:35,2021-03-06 10:58:55,1,168
2,Aimbo,,,2022-07-27 08:26:41,2020-08-05 09:45:39,2021-11-03 00:26:45,2,175
3,Ntag,,,2022-11-30 01:50:43,2016-12-03 17:24:13,2021-09-08 20:53:27,3,190
4,Pixoboo,,,2022-11-01 03:21:00,2012-11-28 03:10:48,2021-12-19 08:17:39,4,117
5,Twinte,,,2022-08-06 11:54:58,2017-01-16 00:05:08,2021-08-16 09:32:34,5,139
6,Edgeify,,,2022-02-07 13:51:24,2016-06-17 11:48:08,2021-06-18 10:18:58,6,111
7,Demimbu,,,2022-06-04 19:26:31,2017-02-15 10:03:35,2021-08-30 11:11:56,7,153
8,Mynte,,,2022-04-06 23:00:34,2011-08-02 17:01:43,2021-04-22 01:01:57,8,128
9,Photobug,,,2022-12-25 10:34:15,2018-02-24 08:26:13,2021-08-31 03:34:00,9,190
10,Babbleblab,,,2022-12-27 09:08:49,2020-12-23 22:19:15,2021-07-22 11:32:03,10,108
11,Gevee,,,2022-10-25 18:24:25,2022-01-01 23:41:34,2021-01-28 06:30:34,11,154
12,Dabfeed,,,2022-09-05 03:34:10,2014-01-13 03:03:42,2021-06-01 23:27:40,12,113
13,Skivee,,,2022-12-18 14:43:07,2011-10-10 02:05:15,2022-01-05 10:29:45,13,152
14,Voolith,,,2022-10-26 14:20:30,2018-08-26 23:33:50,2021-12-24 20:03:20,14,157
15,Lazzy,,,2022-07-08 08:09:56,2018-05-12 11:22:25,2021-01-27 20:57:38,15,104
16,Livetube,,,2022-07-19 06:27:01,2017-02-02 01:23:49,2021-11-30 15:37:04,16,175
17,Feedfire,,,2022-12-13 13:41:01,2015-09-06 05:23:34,2021-06-06 07:15:40,17,151
18,Myworks,,,2022-05-28 00:27:20,2014-09-13 23:10:39,2021-05-04 00:41:47,18,156
19,Midel,,,2022-05-20 22:10:10,2019-10-01 13:11:52,2021-11-14 13:59:38,19,192
20,Skinte,,,2022-10-25 10:21:32,2017-05-21 17:50:21,2021-01-25 19:10:58,20,145
21,Dynava,,,2022-09-09 06:17:46,2014-02-16 06:32:13,2021-05-06 15:10:47,21,105
22,Bluezoom,,,2022-03-09 03:14:48,2018-11-09 22:05:22,2021-04-04 23:18:49,22,144
23,Jabbersphere,,,2022-11-24 04:56:00,2014-01-10 21:47:17,2021-08-16 23:25:27,23,151
24,Eayo,,,2022-05-21 06:18:26,2015-11-23 04:16:33,2021-11-30 09:33:05,24,131
25,Meembee,,,2022-02-12 18:22:42,2012-12-30 22:21:23,2021-05-04 11:54:27,25,192
26,Leenti,,,2022-04-16 08:34:15,2019-01-25 11:16:34,2021-11-21 07:03:17,26,171
27,Blogspan,,,2022-11-15 12:13:39,2019-02-20 22:16:18,2021-09-24 20:43:07,27,146
28,Skinder,,,2022-03-08 20:32:09,2012-04-27 20:29:55,2021-07-31 23:23:39,28,177
29,Kamba,,,2022-05-24 23:27:01,2015-05-30 03:30:50,2021-07-03 12:08:05,29,191
30,Twimbo,,,2022-07-11 09:29:29,2019-02-26 22:03:32,2021-01-30 03:27:20,30,159
31,Gabcube,,,2022-07-15 12:33:42,2013-09-02 21:15:15,2021-02-10 11:40:14,31,131
32,Nlounge,,,2022-04-18 03:25:23,2017-07-05 16:07:49,2021-05-14 01:26:41,32,114
33,Blognation,,,2022-12-28 05:28:26,2016-12-27 16:56:22,2021-06-25 08:21:27,33,112
34,Twitterworks,,,2022-09-20 11:52:40,2016-09-08 19:12:05,2021-03-04 10:09:27,34,101
35,Twitterbridge,,,2022-03-08 01:13:33,2021-11-03 21:39:00,2021-11-15 04:54:35,35,145
36,Meemm,,,2022-06-29 09:22:47,2015-10-27 22:50:47,2022-01-14 22:20:17,36,171
37,Tekfly,,,2022-07-30 18:27:59,2016-05-19 21:28:21,2021-04-02 00:15:33,37,161
38,Bluejam,,,2022-12-30 09:06:51,2018-10-21 17:40:28,2021-05-27 10:57:02,38,110
39,Pixonyx,,,2022-09-26 17:46:41,2011-04-08 01:55:20,2021-07-25 12:09:02,39,139
40,Yata,,,2022-07-10 07:54:10,2020-05-05 03:29:41,2021-11-28 13:44:09,40,187
41,Voomm,,,2022-03-14 23:54:13,2019-01-13 11:38:17,2021-04-13 02:08:14,41,105
42,Aibox,,,2022-03-04 06:41:50,2015-03-26 03:14:36,2021-12-27 22:56:49,42,104
43,Cogilith,,,2022-02-10 03:26:42,2019-08-19 12:04:29,2021-09-18 04:06:23,43,142
44,Geba,,,2022-02-26 17:59:19,2018-01-14 11:02:50,2021-02-28 06:56:07,44,169
45,Tagopia,,,2022-08-12 01:31:10,2015-09-05 07:49:00,2021-04-03 19:29:40,45,120
46,Devpulse,,,2022-05-11 12:40:55,2021-04-20 19:25:13,2021-04-22 14:08:44,46,180
47,Bubbletube,,,2022-11-02 14:49:26,2014-04-12 11:15:38,2021-11-26 08:37:26,47,127
48,Flashspan,,,2022-06-28 00:05:14,2016-10-14 16:04:31,2021-03-13 21:02:05,48,176
49,Twinder,,,2023-01-12 14:39:46,2020-11-25 00:04:04,2021-04-10 08:02:57,49,144
50,Rhynoodle,,,2022-07-16 00:05:24,2020-11-16 02:46:07,2021-09-13 14:03:37,50,174
51,Topicware,,,2022-03-12 11:36:31,2020-06-02 23:45:43,2021-11-23 03:41:00,51,150
52,Voomm,,,2023-01-15 04:09:45,2013-07-14 18:27:13,2021-01-25 15:55:37,52,147
53,Skyvu,,,2022-07-22 10:58:40,2014-07-20 03:16:36,2021-07-05 05:22:02,53,184
54,Vinder,,,2022-11-10 20:23:57,2013-10-23 11:53:08,2021-02-21 00:32:52,54,198
55,Babbleopia,,,2022-11-15 19:29:02,2015-04-27 15:30:17,2022-01-01 09:36:34,55,192
56,Mybuzz,,,2022-05-12 07:06:53,2013-04-20 09:02:03,2021-04-06 21:22:08,56,149
57,Skipfire,,,2022-04-19 12:44:09,2014-11-16 01:41:06,2022-01-01 08:43:12,57,160
58,Quatz,,,2023-01-21 12:13:41,2018-08-26 12:14:16,2021-02-05 01:21:46,58,178
59,Meetz,,,2022-04-01 04:00:21,2013-04-16 22:49:11,2021-04-04 04:08:33,59,170
60,Plambee,,,2022-10-15 23:26:20,2013-06-23 12:08:31,2021-05-20 00:06:01,60,156
61,Tagfeed,,,2022-07-08 02:00:03,2015-08-08 16:17:34,2021-03-27 00:24:02,61,143
62,Divape,,,2023-01-02 11:04:41,2018-04-23 16:40:34,2021-08-31 15:20:21,62,104
63,Twitterbeat,,,2022-06-18 17:58:18,2020-12-19 10:13:19,2021-06-25 05:17:45,63,132
64,Lazzy,,,2022-12-10 03:03:39,2021-09-21 23:00:53,2021-07-04 11:26:07,64,148
65,Rhybox,,,2023-01-10 11:05:09,2015-10-11 20:31:31,2021-06-03 12:51:07,65,117
66,Thoughtsphere,,,2022-11-20 07:54:55,2017-02-13 20:44:11,2021-04-09 16:14:27,66,133
67,Minyx,,,2022-11-14 06:09:27,2018-11-07 14:18:34,2021-09-05 03:35:58,67,190
68,Yotz,,,2022-08-04 05:44:35,2014-09-01 15:03:34,2021-08-14 09:02:58,68,168
69,Dynabox,,,2022-06-10 09:27:46,2017-09-13 12:15:19,2021-04-02 23:57:33,69,145
70,Twimbo,,,2022-03-21 20:19:40,2017-01-23 15:24:15,2022-01-12 19:30:59,70,167
71,Yamia,,,2022-11-05 07:55:48,2017-06-18 06:02:27,2022-01-21 09:48:58,71,161
72,Topiczoom,,,2023-01-18 18:51:55,2017-10-21 09:17:56,2021-02-10 17:17:43,72,111
73,Linktype,,,2022-12-17 00:55:05,2014-11-11 07:35:53,2021-01-31 03:27:14,73,173
74,Realfire,,,2022-07-05 15:57:27,2019-12-07 15:00:38,2021-04-22 18:13:09,74,157
75,Thoughtworks,,,2022-05-03 22:29:44,2017-10-31 13:10:58,2021-05-07 07:24:04,75,103
76,Meevee,,,2022-03-17 16:46:47,2018-03-11 12:42:05,2021-04-09 05:39:08,76,173
77,Shufflester,,,2022-06-30 09:37:48,2017-10-12 00:23:03,2021-10-13 15:59:13,77,108
78,Skilith,,,2022-04-01 04:47:40,2014-11-29 22:57:20,2021-11-28 01:59:49,78,185
79,Dabshots,,,2022-08-15 11:42:54,2013-06-02 03:42:32,2021-09-22 10:31:59,79,152
80,Tagfeed,,,2022-05-26 04:59:09,2019-07-15 01:33:11,2021-04-17 19:24:18,80,105
81,Thoughtmix,,,2022-07-31 15:19:46,2017-05-17 14:25:19,2021-05-15 23:27:22,81,145
82,Jayo,,,2022-02-12 06:37:39,2015-09-20 04:13:30,2021-04-23 04:59:35,82,172
83,Dynabox,,,2022-03-17 14:21:36,2021-04-25 02:47:41,2021-12-26 19:12:51,83,200
84,Yakitri,,,2023-01-08 10:34:33,2011-07-20 15:10:09,2021-04-13 09:43:40,84,178
85,Linklinks,,,2022-11-29 21:37:05,2016-04-28 01:20:07,2021-11-30 10:25:13,85,173
86,Divavu,,,2022-10-20 00:38:47,2020-07-02 10:52:22,2021-12-15 03:11:58,86,131
87,Vinder,,,2022-07-01 08:40:43,2014-05-11 06:03:40,2021-03-21 01:44:19,87,103
88,Pixoboo,,,2022-06-15 12:34:01,2012-12-16 10:13:30,2021-05-16 04:52:17,88,173
89,Izio,,,2022-10-25 22:59:19,2013-11-14 22:05:41,2021-03-12 05:07:22,89,148
90,Zava,,,2022-02-05 17:00:42,2019-01-02 00:54:13,2021-04-08 07:26:46,90,170
91,Mymm,,,2022-04-21 12:44:12,2021-12-23 04:15:13,2021-07-31 19:09:36,91,107
92,Trupe,,,2022-04-12 06:46:14,2021-02-25 21:23:18,2021-07-08 01:10:45,92,179
93,Dynabox,,,2022-05-08 16:17:07,2020-01-07 02:26:40,2021-10-19 23:57:50,93,113
94,Mycat,,,2022-09-26 11:02:26,2015-11-03 10:39:49,2021-08-29 20:34:03,94,172
95,Eimbee,,,2022-05-08 09:05:50,2019-09-22 16:05:17,2021-06-07 16:06:57,95,135
96,Kanoodle,,,2022-08-11 07:41:48,2012-09-02 02:54:08,2021-04-23 22:21:25,96,143
97,Omba,,,2022-02-21 15:42:52,2018-02-22 22:28:08,2021-05-21 16:34:26,97,109
98,Flashspan,,,2022-08-09 08:43:16,2013-04-06 07:30:27,2021-07-18 16:50:02,98,171
99,Camimbo,,,2022-06-07 18:46:27,2016-04-28 22:38:35,2021-12-25 12:27:32,99,129
100,Skyble,,,2022-07-27 11:48:47,2016-06-09 04:56:39,2021-12-26 01:49:25,100,112
